,Code,Name,Northing,Easting,Population,No. pubs,Life expectancy (female),Life expectancy (male),Median income
0,E06000001,Hartlepool,531474.0,447160.0,"93,836",55,81.29,76.87,"22,890"
1,E06000002,Middlesbrough,516887.0,451141.0,"141,285",65,80.27,75.42,"21,082"
2,E06000003,Redcar and Cleveland,519597.0,464361.0,"137,228",90,81.75,78.16,"20,973"
3,E06000004,Stockton-on-Tees,518183.0,444940.0,"197,419",115,81.66,78.53,"23,237"
4,E06000005,Darlington,515648.0,428029.0,"107,402",80,81.9,78.81,"23,520"
5,E06000006,Halton,382146.0,354246.0,"129,759",55,81.66,77.39,"22,695"
6,E06000007,Warrington,388456.0,362744.0,"209,397",110,82.77,79.03,"25,180"
7,E06000008,Blackburn with Darwen,422806.0,369490.0,"150,030",90,80.39,77.28,"21,260"
8,E06000009,Blackpool,436635.0,332819.0,"138,381",100,79.54,74.4,"19,486"
9,E06000010,"Kingston upon Hull, City of",431650.0,511894.0,"259,126",145,80.12,75.82,"20,741"
10,E06000011,East Riding of Yorkshire,443597.0,488056.0,"343,201",270,83.83,80.35,"24,413"
11,E06000012,North East Lincolnshire,404564.0,523465.0,"159,364",80,82.13,77.78,"21,566"
12,E06000013,North Lincolnshire,410993.0,497800.0,"172,748",115,82.64,78.94,"22,011"
13,E06000014,York,452589.0,460864.0,"211,012",190,83.65,80.17,"23,960"
14,E06000015,Derby,335375.0,435609.0,"256,814",140,82.1,78.55,"25,774"
15,E06000016,Leicester,304594.0,458946.0,"354,036",115,82.23,77.51,"20,755"
16,E06000017,Rutland,308655.0,492992.0,"40,476",40,85.4,83.0,"26,304"
17,E06000018,Nottingham,339969.0,456082.0,"337,098",195,81.19,77.15,"20,299"
18,E06000019,"Herefordshire, County of",242834.0,349434.0,"193,615",190,84.2,79.98,"21,677"
19,E06000020,Telford and Wrekin,313057.0,367035.0,"181,322",100,81.9,78.57,"22,531"
20,E06000021,Stoke-on-Trent,346652.0,389438.0,"256,622",145,80.15,76.49,"22,169"
21,E06000022,Bath and North East Somerset,161999.0,366217.0,"196,357",160,85.06,81.13,"24,256"
22,E06000023,"Bristol, City of",174846.0,359990.0,"465,866",300,82.78,78.5,"25,952"
23,E06000024,North Somerset,166718.0,347614.0,"215,574",145,84.61,80.66,"24,001"
24,E06000025,South Gloucestershire,183198.0,367559.0,"287,816",150,84.55,81.55,"24,777"
25,E06000026,Plymouth,58255.0,249945.0,"262,839",140,82.22,78.9,"21,612"
26,E06000027,Torbay,64613.0,289730.0,"136,218",105,82.63,78.97,"20,602"
27,E06000028,,,,,85,,,
28,E06000029,,,,,55,,,
29,E06000030,Swindon,186564.0,418551.0,"222,881",100,83.45,80.17,"27,234"
30,E06000031,Peterborough,300777.0,517372.0,"202,626",75,82.58,78.63,"22,846"
31,E06000032,Luton,222559.0,508606.0,"213,528",45,82.72,78.67,"24,522"
32,E06000033,Southend-on-Sea,186837.0,587777.0,"182,773",75,82.52,79.1,"27,022"
33,E06000034,Thurrock,181590.0,562123.0,"175,531",45,82.69,79.36,"26,931"
34,E06000035,Medway,175198.0,578207.0,"279,142",105,82.56,79.05,"26,544"
35,E06000036,Bracknell Forest,168792.0,488169.0,"124,165",35,85.42,81.74,"29,393"
36,E06000037,West Berkshire,172095.0,450575.0,"158,465",95,85.17,81.87,"29,176"
37,E06000038,Reading,173154.0,470226.0,"160,337",75,82.99,79.41,"28,041"
38,E06000039,Slough,179246.0,498920.0,"149,577",25,82.71,79.14,"28,086"
39,E06000040,Windsor and Maidenhead,176541.0,492079.0,"151,273",100,85.0,81.69,x
40,E06000041,Wokingham,169902.0,476624.0,"173,945",65,85.84,82.35,"29,771"
41,E06000042,Milton Keynes,242308.0,486408.0,"270,203",110,83.35,79.51,"28,728"
42,E06000043,Brighton and Hove,106850.0,530279.0,"291,738",260,83.17,79.1,"25,791"
43,E06000044,Portsmouth,101352.0,465619.0,"214,692",150,81.93,78.39,"23,237"
44,E06000045,Southampton,113700.0,442303.0,"252,872",110,82.51,78.49,"24,313"
45,E06000046,Isle of Wight,85949.0,447183.0,"142,296",120,83.46,79.68,"21,104"
46,E06000047,County Durham,532242.0,410381.0,"533,149",330,81.76,78.33,"24,000"
47,E06000049,Cheshire East,363462.0,380510.0,"386,667",325,84.09,80.29,"25,697"
48,E06000050,Cheshire West and Chester,363145.0,353097.0,"343,823",265,83.32,80.07,"25,444"
49,E06000051,Shropshire,302960.0,350227.0,"325,415",340,83.57,80.58,"23,707"
50,E06000052,Cornwall,64493.0,212497.0,"573,299",540,83.59,79.7,"20,338"
51,E06000053,Isles of Scilly,11447.0,91327.0,"2,226",5,,,
52,E06000054,Wiltshire,158863.0,405209.0,"504,070",390,84.79,80.96,"23,069"
53,E06000055,Bedford,256463.0,505721.0,"174,687",90,83.54,79.51,"25,640"
54,E06000056,Central Bedfordshire,234492.0,504615.0,"294,096",155,84.56,81.06,"30,012"
55,E06000057,Northumberland,600699.0,395322.0,"323,820",260,82.82,79.48,"22,046"
56,E07000004,,,,,125,,,
57,E07000005,,,,,55,,,
58,E07000006,,,,,55,,,
59,E07000007,,,,,105,,,
60,E07000008,Cambridge,257901.0,545420.0,"125,063",90,84.26,80.88,"28,525"
61,E07000009,East Cambridgeshire,275765.0,555576.0,"90,172",50,85.13,81.11,x
62,E07000010,Fenland,294959.0,536361.0,"102,080",60,82.14,78.72,"22,511"
63,E07000011,Huntingdonshire,274269.0,521008.0,"178,985",110,84.37,81.42,"27,771"
64,E07000012,South Cambridgeshire,247586.0,543295.0,"160,904",105,85.8,82.94,"32,852"
65,E07000026,Allerdale,532997.0,317520.0,"97,831",90,82.3,79.59,"24,040"
66,E07000027,Barrow-in-Furness,474165.0,321741.0,"66,726",50,81.45,77.68,"27,452"
67,E07000028,Carlisle,565154.0,348576.0,"108,524",85,82.85,78.35,"20,969"
68,E07000029,Copeland,508739.0,310871.0,"68,041",65,81.69,78.78,"26,171"
69,E07000030,Eden,526396.0,359636.0,"53,754",75,85.44,82.34,"20,925"
70,E07000031,South Lakeland,489555.0,349265.0,"104,905",140,85.27,81.52,"24,451"
71,E07000032,Amber Valley,348084.0,436166.0,"128,829",120,83.17,80.13,"23,000"
72,E07000033,Bolsover,371548.0,448666.0,"81,305",50,81.92,77.87,"21,035"
73,E07000034,Chesterfield,373359.0,440049.0,"104,930",80,81.79,78.24,"21,920"
74,E07000035,Derbyshire Dales,358493.0,419697.0,"72,422",130,85.27,81.43,"25,407"
75,E07000036,Erewash,338063.0,443721.0,"115,332",85,83.38,79.5,"22,992"
76,E07000037,High Peak,387660.0,410474.0,"92,633",105,83.14,79.95,"23,044"
77,E07000038,North East Derbyshire,362955.0,437369.0,"102,216",80,82.66,79.72,"23,448"
78,E07000039,South Derbyshire,325363.0,431443.0,"109,516",80,83.05,79.85,"27,450"
79,E07000040,East Devon,96050.0,313790.0,"148,080",120,85.41,81.23,"22,284"
80,E07000041,Exeter,92005.0,293239.0,"133,333",70,83.83,78.86,"23,369"
81,E07000042,Mid Devon,108911.0,288064.0,"83,290",70,84.64,81.07,"22,001"
82,E07000043,North Devon,132532.0,265110.0,"98,170",110,83.6,80.56,"19,968"
83,E07000044,South Hams,54036.0,270676.0,"87,946",115,85.25,81.87,"20,110"
84,E07000045,Teignbridge,80205.0,283144.0,"135,039",130,84.69,80.73,"21,243"
85,E07000046,Torridge,114334.0,244206.0,"68,719",65,82.94,79.65,"20,942"
86,E07000047,West Devon,86990.0,256376.0,"56,139",70,83.95,80.61,"19,919"
87,E07000048,,,,,25,,,
88,E07000049,,,,,60,,,
89,E07000050,,,,,55,,,
90,E07000051,,,,,40,,,
91,E07000052,,,,,120,,,
92,E07000053,,,,,60,,,
93,E07000061,Eastbourne,99575.0,559339.0,"103,324",45,83.37,79.14,"23,352"
94,E07000062,Hastings,110694.0,581528.0,"92,554",60,81.75,78.02,"20,787"
95,E07000063,Lewes,105686.0,541474.0,"103,525",60,85.14,80.91,"25,000"
96,E07000064,Rother,119666.0,578721.0,"96,716",70,84.0,80.62,"22,363"
97,E07000065,Wealden,117180.0,555048.0,"162,733",115,84.93,81.36,"23,988"
98,E07000066,Basildon,190848.0,571548.0,"187,558",40,83.08,79.35,"27,723"
99,E07000067,Braintree,227335.0,577253.0,"153,091",100,83.0,80.12,"27,106"
100,E07000068,Brentwood,196070.0,558560.0,"77,242",55,84.8,81.2,"32,391"
101,E07000069,Castle Point,187920.0,579490.0,"90,524",15,83.53,80.15,x
102,E07000070,Chelmsford,206972.0,572116.0,"179,549",130,84.37,81.41,"26,399"
103,E07000071,Colchester,223693.0,596944.0,"197,200",95,83.39,80.5,"24,448"
104,E07000072,Epping Forest,203758.0,548919.0,"132,175",85,83.97,81.07,"27,296"
105,E07000073,Harlow,209589.0,545276.0,"87,280",30,82.83,78.52,"23,508"
106,E07000074,Maldon,212072.0,591413.0,"65,401",60,83.66,81.05,x
107,E07000075,Rochford,191417.0,585979.0,"87,627",30,84.42,81.56,"24,828"
108,E07000076,Tendring,222141.0,614190.0,"147,353",85,81.68,78.2,"21,626"
109,E07000077,Uttlesford,228865.0,557832.0,"92,759",65,85.82,82.88,x
110,E07000078,Cheltenham,222232.0,394925.0,"116,043",75,83.75,80.57,"27,443"
111,E07000079,Cotswold,208209.0,402125.0,"90,264",110,85.03,82.8,"24,853"
112,E07000080,Forest of Dean,212759.0,367175.0,"87,107",75,83.93,80.75,x
113,E07000081,Gloucester,216449.0,384071.0,"129,709",60,82.86,78.56,"22,760"
114,E07000082,Stroud,202410.0,378807.0,"120,903",95,83.89,80.64,"24,401"
115,E07000083,Tewkesbury,226279.0,386347.0,"96,624",50,85.22,81.18,"24,721"
116,E07000084,Basingstoke and Deane,151423.0,454508.0,"177,760",85,84.12,80.26,"30,412"
117,E07000085,East Hampshire,129237.0,474404.0,"123,838",80,84.97,81.43,"28,138"
118,E07000086,Eastleigh,116802.0,447202.0,"135,520",55,85.09,81.57,"24,953"
119,E07000087,Fareham,106319.0,453774.0,"116,338",45,84.78,82.29,"28,148"
120,E07000088,Gosport,101088.0,458769.0,"84,679",40,83.08,79.09,"23,800"
121,E07000089,Hart,154240.0,477985.0,"97,608",50,85.29,83.13,x
122,E07000090,Havant,108564.0,470178.0,"126,339",40,83.57,80.66,"24,514"
123,E07000091,New Forest,106521.0,428748.0,"179,649",125,85.54,82.09,"24,048"
124,E07000092,Rushmoor,153944.0,486022.0,"94,387",35,83.3,80.66,"27,444"
125,E07000093,Test Valley,137329.0,434930.0,"127,163",85,84.83,81.43,x
126,E07000094,Winchester,125901.0,453115.0,"125,925",120,85.59,81.47,"28,622"
127,E07000095,Broxbourne,204251.0,534742.0,"97,592",30,84.9,80.34,"28,710"
128,E07000096,Dacorum,208745.0,500084.0,"155,457",85,84.13,81.66,"28,176"
129,E07000098,Hertsmere,199352.0,519774.0,"105,471",50,84.39,80.36,"29,730"
130,E07000099,North Hertfordshire,230256.0,522192.0,"133,463",100,84.14,81.02,"31,323"
131,E07000102,Three Rivers,196418.0,507313.0,"93,966",45,84.22,81.34,"27,844"
132,E07000103,Watford,198197.0,510441.0,"96,623",45,82.46,79.31,"27,975"
133,E07000105,Ashford,140644.0,597640.0,"131,018",85,84.1,80.56,"25,126"
134,E07000106,Canterbury,158096.0,616032.0,"166,762",110,83.59,79.3,"25,040"
135,E07000107,Dartford,172917.0,556167.0,"114,051",50,82.48,79.77,"29,473"
136,E07000108,Dover,150942.0,628964.0,"118,514",90,82.81,79.62,"27,108"
137,E07000109,Gravesham,169114.0,566969.0,"106,890",65,83.7,79.54,"25,639"
138,E07000110,Maidstone,151670.0,580489.0,"173,132",105,83.73,80.41,"26,649"
139,E07000111,Sevenoaks,155218.0,552776.0,"121,387",90,84.42,82.42,"30,163"
140,E07000112,Folkestone and Hythe,134595.0,610318.0,"113,320",90,82.85,79.27,"25,967"
141,E07000113,Swale,161818.0,593583.0,"151,015",105,82.67,79.16,"25,995"
142,E07000114,Thanet,166752.0,631839.0,"141,458",110,82.57,77.89,"21,064"
143,E07000115,Tonbridge and Malling,153898.0,564014.0,"132,571",65,84.75,80.43,"29,633"
144,E07000116,Tunbridge Wells,136599.0,573139.0,"118,939",80,84.56,81.48,"30,453"
145,E07000117,Burnley,430882.0,384886.0,"89,344",40,80.75,76.02,"22,175"
146,E07000118,Chorley,419724.0,359189.0,"118,870",80,82.41,78.89,"25,016"
147,E07000119,Fylde,433811.0,339554.0,"81,211",45,83.34,79.74,"27,608"
148,E07000120,Hyndburn,428971.0,374407.0,"81,133",45,81.11,76.91,"22,725"
149,E07000121,Lancaster,464988.0,356896.0,"148,119",100,82.52,78.7,"22,907"
150,E07000122,Pendle,443368.0,387637.0,"92,145",45,81.62,78.02,"22,207"
151,E07000123,Preston,436432.0,352825.0,"144,147",80,80.9,77.47,"21,706"
152,E07000124,Ribble Valley,447676.0,372687.0,"62,026",65,84.46,80.92,x
153,E07000125,Rossendale,420955.0,382827.0,"71,432",45,81.67,78.21,"20,841"
154,E07000126,South Ribble,425840.0,352017.0,"111,086",55,83.61,80.12,"22,953"
155,E07000127,West Lancashire,413270.0,342611.0,"114,496",75,82.59,79.4,"24,151"
156,E07000128,Wyre,445159.0,347295.0,"113,067",65,82.46,78.08,"22,418"
157,E07000129,Blaby,297994.0,454385.0,"101,950",55,85.18,81.73,"26,448"
158,E07000130,Charnwood,316155.0,458365.0,"188,416",120,83.81,80.76,"25,495"
159,E07000131,Harborough,293875.0,474549.0,"95,537",95,85.02,81.66,x
160,E07000132,Hinckley and Bosworth,301379.0,439538.0,"113,666",75,83.88,80.55,"23,554"
161,E07000133,Melton,323472.0,477328.0,"51,394",50,84.22,80.98,"21,519"
162,E07000134,North West Leicestershire,316252.0,439111.0,"104,809",85,83.66,79.99,"24,159"
163,E07000135,Oadby and Wigston,299379.0,461543.0,"57,313",20,84.83,79.77,"23,715"
164,E07000136,Boston,343953.0,526851.0,"70,837",40,82.28,78.07,"19,529"
165,E07000137,East Lindsey,376064.0,534861.0,"142,030",160,82.13,78.14,"21,054"
166,E07000138,Lincoln,370096.0,496347.0,"100,049",65,80.57,76.94,"21,206"
167,E07000139,North Kesteven,354788.0,502135.0,"118,149",75,83.39,80.48,"23,982"
168,E07000140,South Holland,322928.0,532910.0,"95,857",50,83.25,79.79,"23,844"
169,E07000141,South Kesteven,328986.0,501406.0,"143,225",100,84.06,80.92,"22,470"
170,E07000142,West Lindsey,390326.0,499314.0,"96,186",65,83.29,79.99,"24,455"
171,E07000143,Breckland,303330.0,591015.0,"141,255",80,84.14,79.99,"22,512"
172,E07000144,Broadland,315909.0,619864.0,"131,931",60,85.21,81.55,"22,803"
173,E07000145,Great Yarmouth,315881.0,646761.0,"99,198",75,82.82,78.5,"19,882"
174,E07000146,King's Lynn and West Norfolk,315805.0,571219.0,"151,245",90,82.63,79.64,"21,978"
175,E07000147,North Norfolk,330857.0,611076.0,"105,167",95,85.22,80.89,x
176,E07000148,Norwich,309773.0,622355.0,"142,177",115,83.13,78.37,"23,215"
177,E07000149,South Norfolk,295823.0,628990.0,"143,066",85,85.15,81.34,"25,178"
178,E07000150,,,,,20,80.82,77.52,"22,774"
179,E07000151,,,,,70,83.72,80.84,"28,278"
180,E07000152,,,,,55,83.44,80.56,"26,775"
181,E07000153,,,,,45,82.46,79.62,"25,276"
182,E07000154,,,,,105,82.5,78.57,"25,226"
183,E07000155,,,,,90,84.29,81.72,x
184,E07000156,,,,,35,82.45,79.27,"21,722"
185,E07000163,Craven,461989.0,389513.0,"57,338",80,85.36,81.46,"18,532"
186,E07000164,Hambleton,490546.0,443009.0,"91,932",125,84.75,81.8,"23,790"
187,E07000165,Harrogate,464652.0,427473.0,"161,545",150,85.15,81.05,"27,021"
188,E07000166,Richmondshire,495786.0,401039.0,"53,732",75,83.47,81.66,"23,953"
189,E07000167,Ryedale,478890.0,475590.0,"55,629",75,85.6,80.73,x
190,E07000168,Scarborough,495548.0,495798.0,"108,737",170,82.83,78.05,"20,792"
191,E07000169,Selby,426670.0,457551.0,"91,697",70,83.53,80.52,"27,050"
192,E07000170,Ashfield,355843.0,450035.0,"128,337",65,81.68,78.38,"22,714"
193,E07000171,Bassetlaw,384835.0,468073.0,"118,280",95,82.38,78.89,"22,192"
194,E07000172,Broxtowe,341893.0,449829.0,"114,627",70,83.0,80.33,"25,272"
195,E07000173,Gedling,347811.0,459184.0,"118,239",50,83.14,80.47,"22,608"
196,E07000174,Mansfield,363637.0,455047.0,"109,351",60,81.48,77.96,"19,610"
197,E07000175,Newark and Sherwood,357451.0,470624.0,"123,127",100,82.81,79.88,"22,538"
198,E07000176,Rushcliffe,335453.0,466606.0,"121,416",70,84.54,81.51,"28,970"
199,E07000177,Cherwell,221201.0,449301.0,"151,846",105,84.03,81.22,"26,466"
200,E07000178,Oxford,206368.0,452277.0,"151,584",100,84.69,80.18,"25,892"
201,E07000179,South Oxfordshire,191964.0,463890.0,"143,782",130,85.63,82.18,"32,811"
202,E07000180,Vale of White Horse,195197.0,435693.0,"137,910",90,85.33,82.56,"30,598"
203,E07000181,West Oxfordshire,215816.0,434343.0,"111,758",105,84.96,81.86,"26,739"
204,E07000187,Mendip,144090.0,362238.0,"116,288",120,84.58,80.9,"22,918"
205,E07000188,Sedgemoor,143998.0,338429.0,"123,446",120,84.03,80.29,"21,523"
206,E07000189,South Somerset,120798.0,345633.0,"168,696",135,84.9,80.57,"22,931"
207,E07000190,,,,,85,,,
208,E07000191,,,,,50,,,
209,E07000192,Cannock Chase,311553.0,401261.0,"101,484",60,82.74,78.63,"23,414"
210,E07000193,East Staffordshire,326569.0,412601.0,"120,923",95,82.95,78.69,x
211,E07000194,Lichfield,310967.0,416283.0,"105,637",90,83.69,80.4,"27,961"
212,E07000195,Newcastle-under-Lyme,345174.0,378199.0,"129,610",105,82.99,79.27,"21,962"
213,E07000196,South Staffordshire,311037.0,389625.0,"112,369",80,84.25,80.33,"26,210"
214,E07000197,Stafford,327836.0,389001.0,"137,858",115,84.24,80.25,"26,696"
215,E07000198,Staffordshire Moorlands,352443.0,400543.0,"98,427",115,83.38,80.35,"24,709"
216,E07000199,Tamworth,302550.0,421455.0,"76,864",40,83.06,79.37,"24,472"
217,E07000200,Babergh,244692.0,599987.0,"92,735",85,85.22,81.76,"25,429"
218,E07000201,,,,,40,,,
219,E07000202,Ipswich,244456.0,617161.0,"135,979",60,83.22,79.45,"22,125"
220,E07000203,Mid Suffolk,262338.0,611646.0,"104,857",80,85.0,81.71,"24,793"
221,E07000204,,,,,85,,,
222,E07000205,,,,,110,,,
223,E07000206,,,,,75,,,
224,E07000207,Elmbridge,163658.0,511882.0,"137,215",70,85.65,82.9,"37,217"
225,E07000208,Epsom and Ewell,161475.0,521176.0,"81,003",25,86.88,82.52,x
226,E07000209,Guildford,151481.0,500408.0,"150,352",70,85.66,82.49,"34,430"
227,E07000210,Mole Valley,148953.0,518377.0,"87,547",55,86.44,82.76,"26,363"
228,E07000211,Reigate and Banstead,152574.0,525786.0,"149,243",55,84.58,81.35,"32,276"
229,E07000212,Runnymede,166979.0,501777.0,"90,327",35,84.65,81.02,x
230,E07000213,Spelthorne,169622.0,507012.0,"99,873",40,84.15,80.94,"29,145"
231,E07000214,Surrey Heath,160483.0,491362.0,"89,204",40,85.23,82.33,"33,961"
232,E07000215,Tandridge,150325.0,536365.0,"88,542",50,85.13,81.64,"29,014"
233,E07000216,Waverley,140635.0,496363.0,"126,556",85,85.63,82.57,"31,962"
234,E07000217,Woking,157542.0,499087.0,"100,008",45,84.86,82.68,"28,751"
235,E07000218,North Warwickshire,296399.0,425570.0,"65,452",60,82.66,79.05,"26,349"
236,E07000219,Nuneaton and Bedworth,289352.0,435419.0,"130,373",60,82.34,77.61,"22,225"
237,E07000220,Rugby,276244.0,446498.0,"110,650",80,83.51,80.45,"25,659"
238,E07000221,Stratford-on-Avon,251536.0,425019.0,"132,402",145,85.15,81.46,"25,773"
239,E07000222,Warwick,267113.0,428484.0,"144,909",115,84.82,81.23,"27,983"
240,E07000223,Adur,106472.0,518076.0,"64,187",35,83.48,81.44,"22,877"
241,E07000224,Arun,105723.0,495144.0,"161,123",75,83.69,80.0,"21,555"
242,E07000225,Chichester,116600.0,490285.0,"121,508",115,84.45,81.23,"24,038"
243,E07000226,Crawley,137581.0,526390.0,"112,474",45,84.04,80.15,"23,786"
244,E07000227,Horsham,123840.0,513674.0,"145,474",90,85.43,82.51,"26,122"
245,E07000228,Mid Sussex,130623.0,533054.0,"152,142",70,85.0,81.52,"28,205"
246,E07000229,Worthing,104948.0,512679.0,"110,727",45,83.08,79.15,"24,175"
247,E07000234,Bromsgrove,273736.0,399840.0,"100,569",55,83.93,80.92,"27,103"
248,E07000235,Malvern Hills,252197.0,377465.0,"79,445",95,83.51,80.97,x
249,E07000236,Redditch,265253.0,403705.0,"85,568",40,83.43,79.31,"21,521"
250,E07000237,Worcester,255196.0,385725.0,"100,265",75,83.14,79.05,"24,542"
251,E07000238,Wychavon,247839.0,398991.0,"131,084",120,84.79,81.23,"23,868"
252,E07000239,Wyre Forest,276388.0,384106.0,"101,139",75,83.62,78.79,"21,234"
253,E07000240,St Albans,209623.0,514580.0,"149,317",90,85.44,82.03,"34,084"
254,E07000241,Welwyn Hatfield,208467.0,525345.0,"123,893",45,84.16,80.94,"27,476"
255,E07000242,East Hertfordshire,220370.0,537995.0,"151,786",135,84.87,81.77,"32,821"
256,E07000243,Stevenage,224531.0,524622.0,"88,104",35,82.77,79.09,"25,161"
257,E08000001,Bolton,409873.0,368352.0,"288,248",120,81.78,77.74,"22,268"
258,E08000002,Bury,410768.0,379658.0,"190,708",105,82.11,79.06,"26,215"
259,E08000003,Manchester,397063.0,384591.0,"555,741",335,80.28,76.38,"22,412"
260,E08000004,Oldham,406784.0,396603.0,"237,628",160,81.0,77.57,"21,342"
261,E08000005,Rochdale,412326.0,390315.0,"223,659",130,81.26,77.3,"21,878"
262,E08000006,Salford,398128.0,374556.0,"262,697",100,81.13,77.63,"22,536"
263,E08000007,Stockport,388264.0,391806.0,"294,197",160,83.29,79.83,"26,005"
264,E08000008,Tameside,397995.0,394987.0,"227,117",155,80.63,77.5,"22,724"
265,E08000009,Trafford,391162.0,375790.0,"237,579",95,83.91,80.3,"28,757"
266,E08000010,Wigan,402126.0,362136.0,"330,712",175,81.41,77.77,"22,952"
267,E08000011,Knowsley,393778.0,344762.0,"152,452",45,80.46,76.84,"22,696"
268,E08000012,Liverpool,390553.0,339361.0,"500,474",325,80.36,76.59,"23,312"
269,E08000013,St. Helens,395992.0,353412.0,"181,095",100,81.23,77.77,"24,650"
270,E08000014,Sefton,398832.0,334282.0,"275,899",140,82.94,78.89,"23,637"
271,E08000015,Wirral,386965.0,329110.0,"324,336",165,82.27,78.49,"24,136"
272,E08000016,Barnsley,403327.0,429979.0,"248,071",145,81.78,77.82,"22,087"
273,E08000017,Doncaster,403735.0,459167.0,"312,785",165,81.69,78.33,"22,631"
274,E08000018,Rotherham,388980.0,447542.0,"264,984",140,81.71,77.94,"21,525"
275,E08000019,Sheffield,389736.0,430511.0,"589,214",330,82.51,79.26,"23,296"
276,E08000021,Newcastle upon Tyne,569661.0,422287.0,"306,824",210,81.94,77.94,"23,502"
277,E08000022,North Tyneside,570602.0,431471.0,"208,871",110,81.98,78.2,"23,572"
278,E08000023,South Tyneside,564057.0,435514.0,"151,133",105,81.75,76.99,"20,764"
279,E08000024,Sunderland,551524.0,436470.0,"277,846",155,81.37,77.0,"21,655"
280,E08000025,Birmingham,287352.0,408150.0,"1,140,525",335,82.35,77.85,"22,584"
281,E08000026,Coventry,279689.0,432807.0,"379,387",110,82.15,78.73,"24,020"
282,E08000027,Dudley,288584.0,393191.0,"322,363",180,82.68,79.39,"24,938"
283,E08000028,Sandwell,290764.0,399573.0,"329,042",150,81.26,77.04,"21,336"
284,E08000029,Solihull,281483.0,419434.0,"217,487",95,84.35,80.69,"27,583"
285,E08000030,Walsall,300804.0,402098.0,"286,716",120,81.97,77.82,"22,021"
286,E08000031,Wolverhampton,300016.0,391463.0,"264,407",120,81.87,77.33,"22,174"
287,E08000032,Bradford,438626.0,408395.0,"542,128",250,81.93,78.03,"21,946"
288,E08000033,Calderdale,424896.0,402617.0,"211,439",180,82.37,78.66,"23,277"
289,E08000034,Kirklees,416223.0,414586.0,"441,290",285,82.5,78.73,"22,804"
290,E08000035,Leeds,436384.0,432528.0,"798,786",440,82.1,78.18,"24,193"
291,E08000036,Wakefield,418235.0,438366.0,"351,592",210,81.95,77.99,"22,470"
292,E08000037,Gateshead,559652.0,420159.0,"201,950",120,81.78,77.77,"22,259"
293,E09000001,City of London,181358.0,532382.0,"10,938",165,,,x
294,E09000002,Barking and Dagenham,185111.0,547757.0,"214,107",15,82.34,78.06,"25,412"
295,E09000003,Barnet,191752.0,523473.0,"399,007",75,85.99,82.87,"29,512"
296,E09000004,Bexley,175434.0,549202.0,"249,301",85,84.1,80.11,"30,708"
297,E09000005,Brent,186465.0,519615.0,"327,753",70,85.49,81.35,"26,325"
298,E09000006,Bromley,165707.0,542036.0,"332,752",95,85.06,81.61,"33,546"
299,E09000007,Camden,184283.0,527491.0,"279,516",230,87.1,83.27,"35,247"
300,E09000008,Croydon,164744.0,533922.0,"388,563",80,83.9,80.42,"30,093"
301,E09000009,Ealing,181959.0,517055.0,"340,341",90,84.77,81.1,"27,892"
302,E09000010,Enfield,196198.0,532831.0,"333,587",65,84.72,80.95,"25,951"
303,E09000011,Greenwich,175878.0,542507.0,"289,034",75,83.42,79.6,"31,117"
304,E09000012,Hackney,185787.0,534560.0,"280,941",190,84.2,79.78,"28,790"
305,E09000013,Hammersmith and Fulham,177993.0,523867.0,"183,544",105,84.74,79.77,"38,799"
306,E09000014,Haringey,189349.0,531260.0,"266,357",70,84.83,80.67,"29,165"
307,E09000015,Harrow,189736.0,515359.0,"252,338",50,86.22,83.2,"29,599"
308,E09000016,Havering,187514.0,555032.0,"260,651",60,84.05,80.09,"29,154"
309,E09000017,Hillingdon,183121.0,508166.0,"309,014",90,84.02,80.16,"28,305"
310,E09000018,Hounslow,174959.0,512737.0,"271,767",70,83.97,80.19,"29,931"
311,E09000019,Islington,184645.0,531160.0,"248,115",220,83.36,79.66,"37,634"
312,E09000020,Kensington and Chelsea,179058.0,525756.0,"156,864",100,86.96,83.86,"36,277"
313,E09000021,Kingston upon Thames,167389.0,519508.0,"179,142",60,85.15,81.76,"34,142"
314,E09000022,Lambeth,175629.0,531118.0,"321,813",145,84.17,79.51,"33,084"
315,E09000023,Lewisham,173343.0,537888.0,"305,309",95,83.84,79.14,"28,994"
316,E09000024,Merton,169508.0,526068.0,"206,453",50,84.5,81.13,"32,521"
317,E09000025,Newham,183346.0,540713.0,"355,266",45,83.52,80.36,"26,107"
318,E09000026,Redbridge,189477.0,543512.0,"305,658",50,85.24,81.49,"29,375"
319,E09000027,Richmond upon Thames,172650.0,519005.0,"198,141",115,86.28,82.58,"37,025"
320,E09000028,Southwark,175869.0,533945.0,"320,017",170,84.92,79.55,"35,056"
321,E09000029,Sutton,163639.0,527357.0,"207,707",45,84.32,80.94,"29,925"
322,E09000030,Tower Hamlets,181452.0,536340.0,"331,969",145,83.64,80.35,"38,000"
323,E09000031,Waltham Forest,190278.0,537328.0,"276,940",45,84.98,80.73,"29,300"
324,E09000032,Wandsworth,174138.0,525152.0,"329,735",130,84.19,80.64,"39,086"
325,E09000033,Westminster,180871.0,528268.0,"269,848",430,87.22,84.88,"37,450"
326,N92000002,,,,,785,82.55,78.76,"22,531"
327,S92000003,,,,,"2,835",81.14,77.16,"24,671"
328,W06000001,Isle of Anglesey,378331.0,245217.0,"70,440",60,83.25,79.58,"22,887"
329,W06000002,Gwynedd,334966.0,280555.0,"125,171",105,83.02,79.54,"20,281"
330,W06000003,Conwy,362563.0,283293.0,"118,184",90,82.4,78.76,x
331,W06000004,Denbighshire,355416.0,309843.0,"96,664",90,81.14,78.78,"20,459"
332,W06000005,Flintshire,369280.0,321134.0,"156,847",100,82.69,79.49,"22,783"
333,W06000006,Wrexham,345387.0,333523.0,"136,055",80,81.44,78.25,"23,960"
334,W06000008,Ceredigion,268437.0,267127.0,"72,895",75,84.06,79.27,"21,538"
335,W06000009,Pembrokeshire,221392.0,199821.0,"126,751",165,83.02,79.19,"20,583"
336,W06000010,Carmarthenshire,224133.0,247954.0,"190,073",145,82.39,78.28,"22,543"
337,W06000011,Swansea,197308.0,264022.0,"246,563",150,82.51,77.74,"23,026"
338,W06000012,Neath Port Talbot,195412.0,279261.0,"144,386",90,81.25,77.12,"23,384"
339,W06000013,Bridgend,185870.0,288231.0,"147,539",75,81.14,77.52,"23,497"
340,W06000014,Vale of Glamorgan,173080.0,302947.0,"135,295",75,83.43,79.61,"25,174"
341,W06000015,Cardiff,178887.0,315272.0,"369,202",180,83.04,78.38,"24,918"
342,W06000016,Rhondda Cynon Taf,192395.0,302237.0,"241,873",140,80.96,77.53,"22,463"
343,W06000018,Caerphilly,195259.0,317245.0,"181,731",100,81.39,77.76,"22,497"
344,W06000019,Blaenau Gwent,206771.0,318236.0,"70,020",35,80.42,76.54,"19,459"
345,W06000020,Torfaen,200480.0,327459.0,"94,832",40,81.85,78.23,"23,386"
346,W06000021,Monmouthshire,209231.0,337812.0,"95,164",90,84.45,81.49,"26,071"
347,W06000022,Newport,187432.0,337897.0,"156,447",70,82.25,77.87,"23,425"
348,W06000023,Powys,273255.0,302329.0,"133,030",175,83.69,79.97,"22,493"
349,W06000024,Merthyr Tydfil,206424.0,305916.0,"60,424",40,80.66,76.8,"23,267"
